"AC_TYPEID","AC_GROUP","SSD_NAME","MANUFACTURER","LONG_NAME","SHORT_NAME","BEGIN_DATE","END_DATE",
"470",4,"GULFSTREAM I","GULFSTREAM AEROSPACE (GRUMMAN)","GULFSTREAM I","G-159",1990-01-01,,
"471",4,"JETSTREAM 41","BRITISH AEROSPACE","BRITISH AEROSPACE JETSTREAM 41","JETST41",1993-03-01,,
"473",4,"GULFSTREAM I COMM","GULFSTREAM AEROSPACE (GRUMMAN)","GULFSTREAM I-COMMANDER","G-159COM",1990-01-01,,
"475",4,"NORD 262","NORD AVIATION","NORD 262","N-262",1990-01-01,,
"477",4,"MOHAWK 298","NORD AVIATION","MOHAWK 298","MO-298",1990-01-01,,
"478",4,"PIPER T-1040","PIPER","PIPER T-1040","PA-T1040",1990-01-01,,
"479",4,"PILATUS PC-12","PILATUS","PILATUS PC-12","PC-12",1999-01-01,,
"480",4,"PILATUS PORTR PC6A","PILATUS","PILATUS TURBO PORTER PC-6A","PC-6A",1990-01-01,,
"481",4,"PILATUS PORTR PC6B","PILATUS","PILATUS TURBO PORTER PC-6B","PC-6B",1990-01-01,,
"483",4,"DHC8-100 DASH 8","DEHAVILLAND","DEHAVILLAND DHC8-100 DASH-8","DASH8-1",1990-01-01,,
"486",4,"SHORT HARLAND SC-7","SHORT BROS.","SHORTS HARLAND SC-7 SKYVAN","SKYVAN",1990-01-01,,
"487",4,"SHORTS 330","SHORT BROS.","SHORTS 330","SHORT330",1990-01-01,,
"488",4,"CARSTEDT CJ-600A","CARSTEDT","CARSTEDT CJ-600A","CJ-600A",1990-01-01,,
"489",4,"SHORTS 360","SHORT BROS.","SHORTS 360","SHORT360",1990-01-01,,
"490",4,"VOLPAR TURBO 18","VOLPAR","VOLPAR TURBO 18","VOLPAR18",1990-01-01,,
"507",5,"ANTONOV 12","ANTONOV DESIGN BUREAU","ANTONOV 12","AN-12",2000-01-01,,
"508",5,"ANTONOV AN-22-F","ANTONOV","ANTONOV AN-22 FREIGHTER","AN-22F",1990-01-01,,
"510",5,"AW-650","ARMSTRONG WHITWORTH","AW-650","AW-650",1990-01-01,,
"520",5,"CANADAIR CL-44D","CANADAIR","CANADAIR CL-44D","CL-44D",1990-01-01,,
"541",5,"ILYUSHIN 18","ILYUSHIN","ILYUSHIN IL-18","IL-18",1990-01-01,,
"550",5,"LOCKHEED L-188A/C","LOCKHEED","LOCKHEED L-188A/C ELECTRA","ELECTRA",1990-01-01,,
"552",5,"LOCKHEED L-382B","LOCKHEED","LOCKHEED L-382B","L-382B",1990-01-01,,
"553",5,"LOCKHEED L100-10","LOCKHEED","LOCKHEED L100-10 HERCULES","HERCULES",1990-01-01,,
"555",5,"LOCKHEED L100-20","LOCKHEED","LOCKHEED L100-20 HERCULES","HERCULES",1990-01-01,,
"556",5,"LOCKHEED L100-30","LOCKHEED","LOCKHEED L100-30/L-382E","HERCULES",1990-01-01,,
"560",5,"SHORTS-BELFAST-SH5","SHORT BROS.","SHORTS BELFAST FREIGHTER-SH5","SH5",1990-01-01,,
"570",5,"DEHAVILLAND DASH-7","DEHAVILLAND","DEHAVILLAND DHC7 DASH-7","DASH-7",1990-01-01,,
"580",5,"VV-700","VICKERS","VICKERS VISCOUNT 700/744/745/745D","VV-700",1990-01-01,,
"584",5,"VV-800","VICKERS","VICKERS VISCOUNT V800/810/812","VV-800",1990-01-01,,
"601",6,"FOKKER F28-1000","FOKKER","FOKKER F28-1000 FELLOWSHIP","F28-1000",1990-01-01,,
"602",6,"F28-4000/6000","FOKKER","FOKKER F28-4000/6000 FELLOWSHIP","F28-4000",1990-01-01,,
"603",6,"FOKKER 100","FOKKER","FOKKER 100","FOKKR100",1990-01-01,,
"604",6,"FOKKER 70","FOKKER","FOKKER 70","FOKKER70",1994-01-01,,
"605",6,"BAC-111-200","BRITISH AEROSPACE","BRITISH AEROSPACE BAC-111-200","BAC-111",1990-01-01,,
"608",6,"BOEING 717-200","BOEING","BOEING 717-200","B717-2",1999-01-01,,
"610",6,"BAC-111-400","BRITISH AEROSPACE","BRITISH AEROSPACE BAC-111-400","BAC-111",1990-01-01,,
"611",6,"AERO COMMNDER 1121","ROCKWELL","AERO COMMANDER 1121","COMMANDR",1990-01-01,,
"612",6,"BOEING 737-700/LR","BOEING","BOEING 737-700/700LR","B737-7",1998-01-01,,
"613",6,"AEROSPATL CORVETTE","AEROSPATIALE","AEROSPATIALE CORVETTE","CORVETTE",1990-01-01,,
"614",6,"BOEING 737-800","BOEING","BOEING 737-800","B737-8",1998-01-01,,
"615",6,"BOEING 737-5/600LR","BOEING","BOEING 737-5/600LR","B737-5LR",1998-01-01,,
"616",6,"BOEING 737-500","BOEING","BOEING 737-500","B737-5",1990-01-01,,
"617",6,"BOEING 737-400","BOEING","BOEING 737-400","B737-4",1990-01-01,,
"618",6,"BOEING 737-300LR","BOEING","BOEING 737-300LR","B737-3LR",1990-01-01,,
"619",6,"BOEING 737-300","BOEING","BOEING 737-300","B737-3",1990-01-01,,
"621",6,"BOEING 737-200C","BOEING","BOEING 737-200C","B737-2C",1990-01-01,,
"622",6,"BOEING 757-200","BOEING","BOEING 757-200","B757-2",1990-01-01,,
"623",6,"BOEING 757-300","BOEING","BOEING 757-300","B757-3",1999-01-01,,
"624",6,"BOEING 767-400/ER","BOEING","BOEING 767-400/ER","B767-4",1998-01-01,,
"625",6,"BOEING 767-200/ER","BOEING","BOEING 767-200/ER/EM","B767-2/R",1990-01-01,,
"626",6,"BOEING 767-300/ER","BOEING","BOEING 767-300/300ER","B767-3/R",1990-01-01,,
"627",6,"BOEING 777-200","BOEING","BOEING 777-200ER/200LR/233LR","B777-2",1994-01-01,,
"628",6,"CANADAIR RJ-100/ER","CANADAIR","CANADAIR RJ-100/RJ-100ER","RJ100/ER",1993-03-01,,
"629",6,"RJ-200ER/RJ-440","CANADAIR","CANADAIR RJ-200ER /RJ-440","CRJ-2/4",1997-01-01,,
"630",6,"DOUGLAS DC-9-10","MCDONNELL DOUGLAS","MCDONNELL DOUGLAS DC-9-10","DC-9-10",1990-01-01,,
"631",6,"CANADAIR RJ-700","CANADAIR","CANADAIR RJ-700","RJ-700",1990-01-01,,
"632",6,"DORNIER 328 JET","FAIRCHILD DORNIER","DORNIER 328 JET","DO-328 J",2001-01-01,,
"633",6,"BOEING 737-600","BOEING","BOEING 737-600","B737-6",2002-04-01,,
"635",6,"DOUGLAS DC-9-15F","MCDONNELL DOUGLAS","MCDONNELL DOUGLAS DC-9-15F","DC-9-15F",1990-01-01,,
"640",6,"DOUGLAS DC-9-30","MCDONNELL DOUGLAS","MCDONNELL DOUGLAS DC-9-30","DC-9-30",1990-01-01,,
"645",6,"DOUGLAS DC-9-40","MCDONNELL DOUGLAS","MCDONNELL DOUGLAS DC-9-40","DC-9-40",1990-01-01,,
"650",6,"DOUGLAS DC-9-50","MCDONNELL DOUGLAS","MCDONNELL DOUGLAS DC-9-50","DC-9-50",1990-01-01,,
"654",6,"MD-87","MCDONNELL DOUGLAS","MCDONNELL DOUGLAS DC9 SUPER 87","MD-87",1996-10-01,,
"655",6,"MD-80,1,2,3,8","MCDONNELL DOUGLAS","MCDONNELL DOUGLAS DC9 SUPER 80/MD81/82/83/88","MD-80",1990-01-01,,
"656",6,"MD-90","MCDONNELL DOUGLAS","MCDONNELL DOUGLAS MD-90","MD-90",1995-01-01,,
"660",6,"LEAR-23","GATES LEARJET","GATES LEARJET LEAR-23","LEAR-23",1990-01-01,,
"661",6,"LEAR-24","GATES LEARJET","GATES LEARJET LEAR-24","LEAR-24",1990-01-01,,
"662",6,"LEAR-25","GATES LEARJET","GATES LEARJET LEAR-25","LEAR-25",1990-01-01,,
"663",6,"LEAR-35","GATES LEARJET","GATES LEARJET LEAR-31/35/36","LEAR-35",1990-01-01,,
"664",6,"HFB-320 HANSA","HANSA","HFB-320 HANSA","HFB-320",1990-01-01,,
"647",6,"CSSNA CITATION X","CESSNA","CESSNA CITATION X MODEL CE750 X","CE-750X",2006-09-01,,
"775",7,"DASSAULT FALCON 7X","DASSAULT FALCON","DASSAULT FALCON 7X","FALCON",2008-10-01,,
"882",8,"A380-800","AIRBUS INDUSTRIE","AIRBUS INDUSTRAI A380-800","A380-8",2008-07-01,,
"684",6,"BEECH HAWKER 800XP","RAYTHEON BEECHCRAFT","RAYTHEON BEECHCRAFT HAWKER 800XP","800XP",2009-07-01,,
"606",6,"BEECHCRAFT PREMIER","RAYTHEON BEECHCRAFT","RAYTHEON BEECHRAFT 390 PREMIER I","PREMIER",2009-07-01,,
"686",6,"BOMBARDIER LJET45","BOMBARDIER","LEARJET45","LEAR-45",2010-01-01,,
"685",6,"CESSNA 510/560XL","CESSNA","CESSNA 510 MUSTANG/560XL CITATION EXCEL","CE-560XL",2010-01-01,,
"821",8,"BOEING B747-8","BOEING","BOEING B747-8","B747-8F",2010-01-01,,
"433",4,"SOCATA TBM-700","SOCATA","SOCATA TBM-700","TBM-700",2006-09-01,,
"123",1,"CESSNA C-340/335","CESSNA","CESSNA C-340/335","CE-340",2006-09-01,,
"437",4,"BEECH BARON B-58","RAYTHEON BEECHCRAFT","RAYTHEON BEECHCRAFT BARON B-58","BARON",2008-06-01,,
"642",6,"BEECH HAWKER 400XP","RAYTHEON BEECHCRAFT","RAYTHEON BEECHCRAFT HAWKER 400XP","HAWKER",2009-01-01,,
"671",6,"GULFSTREAM G450","GULFSTREAM","GULFSTREAM G450","G450",2006-04-01,,
"415",4,"CESSNA C208B","CESSNA","CESSNA C208B/GRAND CARAVAN","CE-208B",2006-10-01,,
"620",6,"BOEING 737-100/200","BOEING","BOEING 737-100/200","B737-1/2",1990-01-01,,
"482",4,"DHC8-Q400  DASH-8","DEHAVILLAND","DEHAVILLAND DHC8-400 DASH-8","DASH8-Q4",1999-01-01,,
"679",6,"GRUMMAN G-1159","GULFSTREAM","GRUMMAN G-1159 GULFSTREAM II/III","G-III",2009-01-01,,
"609",6,"CHALLENGER 300","BOMBARDIER","BOMBARDIER BD-100-1A10 CHALLENGER 300","BD-300",2010-01-01,,
"607",6,"ANTONOV AN-72/74","ANTONOV","ANTONOV AN-72/74","AN-72/74",2006-09-01,,
"637",6,"BOEING 777-300/ER","BOEING","BOEING 777-300/300ER/333ER","B777-3",2004-03-01,,
"648",6,"GULFSTREAM G200","GULFSTEAM","GULFSTREAM G200","G200",2008-06-01,,
"651",6,"GULFSTEAM G150","GULFSTEAM","GULFSTREAM G150","G150",2008-06-01,,
"652",6,"CANADAIR CL-600","CANADAIR","CANADAIR CL-600 CHALLENGER","CL-600",2008-06-01,,
"653",6,"CESSNA CE-680","CESSNA","CESSNA CE-680 CITATION SOVEREIGN","CE-680",2008-06-01,,
"641",6,"GULFSTREAM G-IV","GULFSTREAM AEROSPACE","GULFSTREAM AEROSPACE G-III/G-IV","G-III/IV",2009-01-01,,
"643",6,"WESTWIND II","ISRAEL AIRCRAFT INDUSTRIES","1124A WESTWIND II","WESTWIND",2009-01-01,,
"683",6,"BOEING B777-F","BOEING","BOEING B777-F","B777-F",2009-07-01,,
"111",1,"BEECH KINGAIR 90","BEECHCRAFT","BEECH KING AIR 90","KING AIR",1990-01-01,,
"823",8,"BOEING 747-200F","BOEING","BOEING 747-200F","B747-2F",1990-01-01,,
"393",3,"AGUSTAWESTLAND 139","AGUSTAWESTLAND","AGUSTAWESTLAND AW139","AW139",2010-01-01,,
"649",6,"TUPOLEV TU-204","TUPOLEV","TUPOLEV TU-204-300","TU-204",2007-12-01,,
"873",8,"A340-200","AIRBUS INDUSTRIE","AIRBUS INDUSTRIE A340-200","A340-2",1996-09-01,,
"871",8,"A340-300","AIRBUS INDUSTRIE","AIRBUS INDUSTRIE A340-300","A340-3",1996-09-01,,
"872",8,"A340-500","AIRBUS INDUSTRIE","AIRBUS INDUSTRIE A340-500","A340-5",1996-09-01,,
"874",8,"A340-600","AIRBUS INDUSTRIE","AIRBUS INDUSTRIE A340-600","A340-6",1996-09-01,,
"491",4,"DEHAVILLAND DHC8-2","BOMBARDIER","DEHAVILLAND DHC8-200Q DASH-8","DHC8-200",2002-11-01,,
"417",4,"CESSNA 406","CESSNA","CESSNA 406 CARAVAN II","CARAVNII",2002-01-01,,
"666",6,"LEAR 55","GATES LEARJET","LEAR 55","LEAR-55",2002-10-01,,
"455",4,"FAIRCHILD METRO 23","FAIRCHILD","FAIRCHILD METRO 23","METRO 23",2002-10-01,,
"458",4,"BEECH B-350","BEECHCRAFT","BEECHCRAFT SUPER KING AIR","BE-KING",2002-10-01,,
"409",4,"BEECH B-100","BEECHCRAFT","BEECHCRAFT KING AIR B100","BE-B100",2002-10-01,,
"636",6,"CESSNA CITATION","CESSNA","CESSNA CITATION II/ BRAVO","CITATNII",2002-10-01,,
"646",6,"CSSNA CITATIONIII","CESSNA","CESSNA CITATION X MODEL 650/550B/550XL","CITATNX",1978-06-01,,
"411",4,"BEECHCRAFT 65-A90","BEECHCRAFT","BEECH KING AIR 65-A90 QUEEN AIR","BE-65",2002-10-01,,
"484",4,"DHC8-300 DASH 8","DEHAVILLAND","DEHAVILLAND DHC8-300 DASH 8","DHC8-300",1990-01-01,,
"817",8,"BOEING 747-200/300","BOEING","BOEING 747-200/300","B747-2/3",1990-01-01,,
"890",8,"ANTONOV 225","ANTONOV","ANTONOV 225 (6 ENGINE)","AN-225",1990-01-01,,
"644",6,"A-318","AIRBUS INDUSTRIE","AIRBUS INDUSTRIE A-318","A318",2003-06-01,,
"474",4,"HAWKER SIDELEY 748","HAWKER SIDDELEY","HAWKER SIDDELEY 748","HAWKER S",2002-10-01,,
"638",6,"CANADAIR CRJ 900","BOMBARDIER","CANADAIR CRJ 900","CRJ-900",2003-03-01,,
"476",4,"PIPER PA-30/31T","PIPER","PIPER PA-30/31T CHEYENNE II XL","PA-31T",2002-10-01,,
"770",7,"FALCON 900","DASSAULT FALCON","DASSAULT FALCON 900","FA-900",2002-10-01,,
"694",6,"A320-100/200","AIRBUS INDUSTRIE","AIRBUS INDUSTRIE A320-100/200","A320-1/2",1990-01-01,,
"639",6,"CITATIONJET/CJ","CESSNA","CESSNA CITATIONJET/CJ1/CJ2/CJ3","CITATNJ",2003-12-01,,
"687",6,"AIRBUS A330-300","AIRBUS INDUSTRIE","AIRBUS A330-300","A330-3",2004-01-01,,
"677",6,"EMBRAER-170","EMBRAER","EMBRAER 170","EMB-170",2004-03-01,,
"194",1,"PIPER PA-31/T-1020","PIPER","PIPER PA-31 (NAVAJO)/T-1020","NAVAJO",1996-11-01,,
"667",6,"GULFSTREAM V/ G-V","GULFSTREAM AEROSPACE","GULFSTREAM III/V/ G-V EXEC/ G-5/550","G-V",2002-10-01,,
"634",6,"BOEING 737-900","BOEING","BOEING 737-900","B737-9",2002-04-01,,
"658",6,"BOMBARDIER BD-700","BOMBARDIER","BOMBARDIER BD-700 GLOBAL EXPRESS","BD-700",2005-06-01,,
"659",6,"LEARJET 60","BOMBARDIER","BOMBARDIER (GATES) LEARJET 60","LEAR-60",1991-06-01,,
"673",6,"EMBRAER-175","EMBRAER","EMBRAER ERJ-175","ERJ-175",2004-03-01,,
"669",6,"CHALLENGER 604/605","BOMBARDIER","BOMBARDIER CHALLENGER 604/605","CL-604/5",2005-06-01,,
"678",6,"EMBRAER 190","EMBRAER","EMBRAER 190","EMB-190",2005-12-01,,
"668",6,"CHALLENGER 601","BOMBARDIER","CANADAIR (BOMBARDIER) CHALLLENGER 601","CL-601",2005-06-01,,
"771",7,"FALCON 50","DASSAULT FALCON","DASSAULT FALCON 50","FA-50",2002-10-01,,
"665",6,"BAE HS-125","BRITISH AEROSP/HAWKER SIDDELEY","HAWKER SIDDELEY 125","HS-125",1995-01-01,,
"670",6,"ROCKWELL SABRELINR","ROCKWELL","ROCKWELL SABRELINER","SABRELNR",1990-01-01,,
"674",6,"EMBRAER-135","EMBRAER","EMBRAER-135","EMB-135",1998-01-01,,
"675",6,"EMBRAER-145","EMBRAER","EMBRAER-145","EMB-145",1996-01-01,,
"676",6,"EMBRAER-140","EMBRAER","EMBRAER-140","EMB-140",2001-01-01,,
"680",6,"CARAVELLE SE-210","AEROSPATIALE","AEROSPATIALE CARAVELLE SE-210","CARAVLLE",1990-01-01,,
"681",6,"DASSAULT FALCON","DASSAULT-BREGUET","DASSAULT-BREGUET MYSTERE-FALCON","FALCON",1990-01-01,,
"689",6,"A300-600ST(BELUGA)","AIRBUS INDUSTRIE","AIRBUS INDUSTRIE A330-600ST (BELUGA)","BELUGA",1998-07-01,,
"690",6,"A300B/C/F-100/200","AIRBUS INDUSTRIE","AIRBUS INDUSTRIE A300B/C/F-100/200","A300-1/2",1990-01-01,,
"691",6,"A300-600/R/CF/RCF","AIRBUS INDUSTRIE","AIRBUS INDUSTRIE A300-600/R/CF/RCF","A300-6",1990-01-01,,
"692",6,"A310-200C/F","AIRBUS INDUSTRIE","AIRBUS INDUSTRIE A310-200C/F","A310-2CF",1990-01-01,,
"693",6,"A310-300","AIRBUS INDUSTRIE","AIRBUS INDUSTRIE A310-300","A310-3",1990-01-01,,
"695",6,"A300-B2","AIRBUS INDUSTRIE","AIRBUS INDUSTRIE A300-B2","A300-B2",1990-01-01,,
"696",6,"A330-200","AIRBUS INDUSTRIE","AIRBUS INDUSTRIE A330-200","A330-2",1992-01-01,,
"697",6,"A340","AIRBUS INDUSTRIE","AIRBUS INDUSTRIE A340","A340",1992-01-01,,
"698",6,"A319","AIRBUS INDUSTRIE","AIRBUS INDUSTRIE A319","A319",1997-01-01,,
"699",6,"A321","AIRBUS INDUSTRIE","AIRBUS INDUSTRIE A321","A321",1990-01-01,,
"710",7,"BOEING 727-100","BOEING","BOEING 727-100","B727-100",1990-01-01,,
"711",7,"BOEING 727-100C/QC","BOEING","BOEING 727-100C/QC","B727-1C",1990-01-01,,
"715",7,"BOEING 727-200","BOEING","BOEING 727-200/231A","B727-2",1990-01-01,,
"730",7,"DOUGLAS DC-10-10","MCDONNELL DOUGLAS","MCDONNELL DOUGLAS DC-10-10","DC-10-10",1990-01-01,,
"731",7,"DOUGLAS DC-10-20","MCDONNELL DOUGLAS","MCDONNELL DOUGLAS DC-10-20","DC-10-20",1990-01-01,,
"732",7,"DOUGLAS DC-10-30","MCDONNELL DOUGLAS","MCDONNELL DOUGLAS DC-10-30","DC-10-30",1990-01-01,,
"733",7,"DOUGLAS DC-10-40","MCDONNELL DOUGLAS","MCDONNELL DOUGLAS DC-10-40","DC-10-40",1990-01-01,,
"735",7,"DOUGLAS DC-10-30CF","MCDONNELL DOUGLAS","MCDONNELL DOUGLAS DC-10-30CF","DC10-30F",1990-01-01,,
"740",7,"MD-11","MCDONNELL DOUGLAS","MCDONNELL DOUGLAS MD-11","MD-11",1990-01-01,,
"760",7,"L-1011-1/100/200","LOCKHEED","LOCKHEED L-1011-1/100/200","L-1011",1990-01-01,,
"765",7,"L-1011-500 TRISTAR","LOCKHEED","LOCKHEED L-1011-500 TRISTAR","L-1011",1990-01-01,,
"780",7,"TUPOLEV 154","TUPOLEV","TUPOLEV TU-154","TU-154",1990-01-01,,
"792",7,"YAKOLEV 42","YAKOLEV","YAKOLEV YAK-42","YAK-42",1990-01-01,,
"800",8,"BOEING 707-100","BOEING","BOEING 707-100","B707-100",1990-01-01,,
"802",8,"BOEING 707-100B","BOEING","BOEING 707-100B","B707-1B",1990-01-01,,
"804",8,"BOEING 707-200","BOEING","BOEING 707-200","B707-2",1990-01-01,,
"806",8,"BOEING 707-300","BOEING","BOEING 707-300","B707-3",1990-01-01,,
"808",8,"BOEING 707-300B","BOEING","BOEING 707-300B","B707-3B",1990-01-01,,
"809",8,"BOEING 707-300C","BOEING","BOEING 707-300C","B707-3C",1990-01-01,,
"810",8,"BOEING 707-400","BOEING","BOEING 707-400","B707-4",1990-01-01,,
"682",6,"DASSAULT 2000EX","DASSAULT","DASSAULT FALCON 2000EX","DA-2000",2006-09-01,,
"812",8,"BOEING 720","BOEING","BOEING 720-000","B720-0",1990-01-01,,
"814",8,"BOEING 720-B","BOEING","BOEING 720-000B","B720-B",1990-01-01,,
"816",8,"BOEING 747-100","BOEING","BOEING 747-100","B747-100",1990-01-01,,
"818",8,"BOEING 747C","BOEING","BOEING 747C","B747C",1990-01-01,,
"819",8,"BOEING 747-400","BOEING","BOEING 747-400","B747-4",1990-01-01,,
"820",8,"BOEING 747-4F","BOEING","BOEING 747-400F","B747-4F",1990-01-01,,
"822",8,"BOEING 747SP","BOEING","BOEING 747SP","B747SP",1990-01-01,,
"825",8,"CONVAIR 880","CONVAIR","CONVAIR 880 (CV-22/22M)","CV-880",1990-01-01,,
"830",8,"CONVAIR 990","CONVAIR","CONVAIR 990 CORONADO (CV-30)","CORONADO",1990-01-01,,
"835",8,"AVROLINER RJ85","AVRO INTERNATIONAL AEROSPACE","AVROLINER RJ85","AV RJ85",1997-01-01,,
"840",8,"DOUGLAS DC-8-10","MCDONNELL DOUGLAS","MCDONNELL DOUGLAS DC-8-10","DC-8-10",1990-01-01,,
"842",8,"DOUGLAS DC-8-20","MCDONNELL DOUGLAS","MCDONNELL DOUGLAS DC-8-20","DC-8-20",1990-01-01,,
"844",8,"DOUGLAS DC-8-30","MCDONNELL DOUGLAS","MCDONNELL DOUGLAS DC-8-30","DC-8-30",1990-01-01,,
"846",8,"DOUGLAS DC-8-40","MCDONNELL DOUGLAS","MCDONNELL DOUGLAS DC-8-40","DC-8-40",1990-01-01,,
"848",8,"DOUGLAS DC-8-50","MCDONNELL DOUGLAS","MCDONNELL DOUGLAS DC-8-50","DC-8-50",1990-01-01,,
"850",8,"DOUGLAS DC-8-50F","MCDONNELL DOUGLAS","MCDONNELL DOUGLAS DC-8-50F","DC-8-50F",1990-01-01,,
"851",8,"DOUGLAS DC-8-61","MCDONNELL DOUGLAS","MCDONNELL DOUGLAS DC-8-61","DC-8-61",1990-01-01,,
"852",8,"DOUGLAS DC-8-63F","MCDONNELL DOUGLAS","MCDONNELL DOUGLAS DC-8-63F","DC-8-63F",1990-01-01,,
"854",8,"DOUGLAS DC-8-62","MCDONNELL DOUGLAS","MCDONNELL DOUGLAS DC-8-62","DC-8-62",1990-01-01,,
"856",8,"DOUGLAS DC-8-63","MCDONNELL DOUGLAS","MCDONNELL DOUGLAS DC-8-63","DC-8-63",1990-01-01,,
"860",8,"DOUGLAS DC-8-71","MCDONNELL DOUGLAS","MCDONNELL DOUGLAS DC-8-71","DC-8-71",1990-01-01,,
"862",8,"DOUGLAS DC-8-72","MCDONNELL DOUGLAS","MCDONNELL DOUGLAS DC-8-72","DC-8-72",1990-01-01,,
"864",8,"DOUGLAS DC-8-73","MCDONNELL DOUGLAS","MCDONNELL DOUGLAS DC-8-73","DC-8-73",1990-01-01,,
"865",8,"DOUGLAS DC-8-73F","MCDONNELL DOUGLAS","MCDONNELL DOUGLAS DC-8-73F","DC-8-73F",1990-01-01,,
"866",8,"BAE-146-100/RJ70","BRITISH AEROSPACE","BRITISH AEROSPACE BAE-146-100/RJ70","BAE146-1",1990-01-01,,
"867",8,"BAE-146-200","BRITISH AEROSPACE","BRITISH AEROSPACE BAE-146-200","BAE146-2",1990-01-01,,
"868",8,"BAE-146-300","BRITISH AEROSPACE","BRITISH AEROSPACE BAE-146-300","BAE146-3",1990-01-01,,
"870",8,"LOCKHEED JETSTAR","LOCKHEED","LOCKHEED JETSTAR","JETSTAR",1990-01-01,,
"875",8,"CONCORDE","AEROSPATIALE/BRITISH AEROSPACE","AEROSPATIALE/BRITISH AEROSPACE CONCORDE","CONCORDE",1990-01-01,,
"876",8,"ILYUSHIN 62","ILYUSHIN","ILYUSHIN 62","IL-62",1990-01-01,,
"877",8,"ILYUSHIN 76/TD","ILYUSHIN","ILYUSHIN 76/TD","IL-76/TD",1990-01-01,,
"878",8,"ILYUSHIN 86","ILYUSHIN","ILYUSHIN 86","IL-86",1990-01-01,,
"879",8,"ILYUSHIN 96","ILYUSHIN","ILYUSHIN 96","IL-96",1993-03-01,,
"880",8,"ANTONOV 124","ANTONOV","ANTONOV 124","AN-124",1990-01-01,,
"007",0,"AERO COMMANDER 200","ROCKWELL","AERO COMMANDER 200","COMMANDR",1990-01-01,,
"360",3,"ROBINSON R44","ROBINSON","ROBINSON R44","R44",2002-06-01,,
"390",3,"SIKORSKY S-76","SIKORSKY","SIKORSKY S-76","S-76",2002-10-01,,
"485",4,"DEHAVILLAND DHC-6","DEHAVILLAND","DEHAVILLAND TWIN OTTER DHC-6","DHC-6",1990-01-01,,
"459",4,"SAAB-FRCHILD 340/A","SAAB-FAIRCHILD","SAAB-FAIRCHILD 340/A","SF-340/A",2005-09-01,,
"657",6,"BOMBARDIER CRJ 705","BOMBARDIER","BOMBARDIER CRJ 705","CRJ-705",2005-06-01,,
"008",0,"AERO MACCHI AL-60","AERO MACCHI","AERO MACCHI AL-60","AL-60",1990-01-01,,
"009",0,"AERONCA 7-AC","AERONCA","AERONCA 7-AC","AERONCA7",1990-01-01,,
"010",0,"BEECH 35/36","BEECHCRAFT","BEECH BONANZA 35A/C/D/E/G/H/J/K/S/V/  36A","BONANZA",1990-01-01,,
"020",0,"BELLANCA CH-300","BELLANCA","BELLANCA CH-300","CH-300",1990-01-01,,
"024",0,"BEECH B-23","BEECHCRAFT","BEECH B-23 MUSKETEER","MUSKTEER",1990-01-01,,
"029",0,"CESSNA 150/152","CESSNA","CESSNA 150/152","CE-150/2",1990-01-01,,
"030",0,"CESSNA 180","CESSNA","CESSNA 180","CE-180",1990-01-01,,
"031",0,"CESSNA 180A/B","CESSNA","CESSNA 180A/B","CE-180",1990-01-01,,
"032",0,"CESSNA 180C/D/E/F","CESSNA","CESSNA 180C/D/E/F","CE-180C",1990-01-01,,
"033",0,"CESSNA 185A/B/C","CESSNA","CESSNA 185A/B/C SKYWAGON","SKYWAGON",1990-01-01,,
"034",0,"HELIO H250/295/395","HELIO","HELIO H-250/295/395","COURIER",1990-01-01,,
"035",0,"CESSNA 206/207/209","CESSNA","CESSNA C206/207/209/210 STATIONAIR","CE-206/7",1990-01-01,,
"036",0,"CESSNA 172 SKYHAWK","CESSNA","CESSNA 172 SKYHAWK","SKYHAWK",1990-01-01,,
"037",0,"CESSNA 195","CESSNA","CESSNA 195","CE-195",1990-01-01,,
"038",0,"CESSNA CARDINAL","CESSNA","CESSNA 177 CARDINAL","CARDINAL",1990-01-01,,
"039",0,"CESSNA 182 SKYLANE","CESSNA","CESSNA 182 SKYLANE","SKYLANE",1990-01-01,,
"040",0,"DEHAVILLAND DHC2","DEHAVILLAND OF CANADA","DEHAVILLAND DHC2 BEAVER","BEAVER",1990-01-01,,
"041",0,"CESSNA 205","CESSNA","CESSNA 205","CE-205",1990-01-01,,
"042",0,"DEHAVILLAND DHC3","DEHAVILLAND OF CANADA","DEHAVILLAND DHC3 OTTER","OTTER",1990-01-01,,
"044",0,"LAKE LA-4","LAKE","LAKE LA-4","LA-4",1990-01-01,,
"050",0,"HOWARD DGA-15P","HOWARD","HOWARD DGA-15P","DGA-15P",1990-01-01,,
"051",0,"MOONEY M-21","MOONEY","MOONEY M-21","M-21",1990-01-01,,
"052",0,"MOONEY M-20C/E/G","MOONEY","MOONEY M-20C/E/G","M-20C/E",1990-01-01,,
"065",0,"NOORDUYN UC-64AS","NOORDUYN","NOORDUYN UC-64AS","UC-64AS",1990-01-01,,
"070",0,"PILATUS PORTER PC6","PILATUS","PILATUS PORTER PC6","PC6",1990-01-01,,
"071",0,"PILATUS PC6/350","PILATUS","PILATUS PORTER PC6/350","PC6/350",1990-01-01,,
"079",0,"PIPER PA-32","PIPER","PIPER PA-32 (CHEROKEE 6)","PA-32",1990-01-01,,
"080",0,"PIPER PA-18","PIPER","PIPER PA-18 (SUPER-CUB)","SUPERCUB",1990-01-01,,
"081",0,"PIPER PA-14","PIPER","PIPER PA-14 (FAMILY-CRUISER)","FAMCRUIS",1990-01-01,,
"082",0,"PIPER PA-22","PIPER","PIPER PA-22 (TRI-PACER)","TRIPACER",1990-01-01,,
"083",0,"PIPER PA-24","PIPER","PIPER PA-24 (COMANCHE)","COMANCHE",1990-01-01,,
"084",0,"PIPER PA-28","PIPER","PIPER PA-28 (CHEROKEE)","PA-28",1990-01-01,,
"085",0,"STINSON SR-9","STINSON","STINSON SR-9","SR-9",1990-01-01,,
"086",0,"PIPER PA-12","PIPER","PIPER PA-12 (SUPERCRUISER)","PA-12",2002-01-01,,
"087",0,"STINSON V-77","STINSON","STINSON V-77","V-77",1990-01-01,,
"088",0,"STINSON SR-10E","STINSON","STINSON SR-10E BUSHMAN","BUSHMAN",1990-01-01,,
"091",0,"FLT/AMPHIB TURBINE","","FLOAT/AMPHIB TURBINE","FLT/AMPH",1990-01-01,,
"092",0,"PISTON-LT 450 HP","","FLOAT/AMPHIB PISTON-LT 450 HP","FLT/AMPH",1990-01-01,,
"093",0,"PISTON-450+ HP","","FLOAT/AMPHIB PISTON-450+ HP","FLT/AMPH",1990-01-01,,
"094",0,"LAND-TURBINE","","LAND-TURBINE","LAND",1990-01-01,,
"095",0,"PISTON-LT 450 HP","","LAND-PISTON-LT 450 HP","LAND",1990-01-01,,
"096",0,"PISTON-450+ HP","","LAND-PISTON-450+ HP","LAND",1990-01-01,,
"097",0,"STIN.FW 300-450 HP","STINSON","STINSON F.W. 300-450 HP","STNSN FW",1950-01-01,,
"098",0,"STIN.FW LT 300 HP","STINSON","STINSON 0-299 HP","STNSN FW",1950-01-01,,
"103",1,"AERO COMANDR 500/6","ROCKWELL","AERO COMMANDER (500/600 SERIES EXCPT 680FL)","COMMANDR",1990-01-01,,
"104",1,"AERO COMANDR 680FL","ROCKWELL","GRAND COMMANDER 680FL","COMMANDR",1990-01-01,,
"105",1,"BEECH C-50","BEECHCRAFT","BEECH C-50 (TWIN BONANZA)","TWBONANZ",1990-01-01,,
"110",1,"BEECH 18","BEECHCRAFT","BEECH 18 C-185","BE-18C",1990-01-01,,
"113",1,"BEECH B-95","BEECHCRAFT","BEECH B-95 (TRAVELAIR)","TRAVLAIR",1990-01-01,,
"115",1,"BEECH AT-11","BEECHCRAFT","BEECH AT-11","AT-11",1990-01-01,,
"117",1,"BEECH BARON B-55","BEECHCRAFT","BEECH BARON (55 SERIES)","BARON",1990-01-01,,
"120",1,"CESSNA T-50","CESSNA","CESSNA T-50 (BOBCAT)","BOBCAT",1990-01-01,,
"121",1,"CESSNA C-421","CESSNA","CESSNA C-421","CE-C421",1990-01-01,,
"122",1,"CESSNA C-310","CESSNA","CESSNA C-310 SERIES","CE-C310",1990-01-01,,
"125",1,"CESSNA C-402/402A","CESSNA","CESSNA C-402/402A/402B","CE-402",1990-01-01,,
"128",1,"CESSNA 404","CESSNA","CESSNA 404","CE-404",1990-01-01,,
"130",1,"C-28 5ACF PBY","CONSOLIDATED VULTEE","C-28 5ACF PBY","PBY",1990-01-01,,
"131",1,"BRITT-NORMAN BN2/A","PILATUS BRITTEN-NORMAN","PILATUS BRITTEN-NORMAN BN2/A ISLANDER","ISLANDER",1990-01-01,,
"132",1,"C-28 5ACF-PBY EMQ","CONSOLIDATED VULTEE","C-28 5ACF-PBY-EMQ","PBY-EMQ",1990-01-01,,
"133",1,"BEECH QUEEN AIR","BEECHCRAFT","BEECH 65/65A-80/65B-80 (QUEEN AIR)","QUEENAIR",1990-01-01,,
"140",1,"CONVAIR CV-240","CONVAIR","CONVAIR CV-240","CV-240",1990-01-01,,
"143",1,"CONVAIR CV-340/440","CONVAIR","CONVAIR CV-340/440","CV-340/4",1990-01-01,,
"148",1,"CESSNA C-337","CESSNA","CESSNA C-337 (SUPER SKY MASTER)","SKYMASTR",1990-01-01,,
"149",1,"CESSNA C-401","CESSNA","CESSNA C-401","CE-C401",1990-01-01,,
"150",1,"CURTISS C46 SERIES","CURTISS-WRIGHT","CURTISS C46/20T/A/D/F/R COMMANDO","COMMANDO",1990-01-01,,
"152",1,"CESSNA C-411","CESSNA","CESSNA C-411","CE-411",1990-01-01,,
"153",1,"DHC4 CARIBOU","DEHAVILLAND OF CANADA","DEHAVILLAND DHC4 CARIBOU","CARIBOU",1990-01-01,,
"158",1,"DOUGLAS DC-2","MCDONNELL DOUGLAS","MCDONNELL DOUGLAS DC-2","DC-2",1990-01-01,,
"159",1,"HAMILTON B-18S","HAMILTON","HAMILTON B-18S LITTLE LINER (CONVERTED)","B-18S",1990-01-01,,
"160",1,"DOUGLAS DC-3","MCDONNELL DOUGLAS","MCDONNELL DOUGLAS DC-3/A/C,C-47/B","DC-3",1990-01-01,,
"161",1,"DORNIER DO-28","DORNIER","DORNIER DO-28 SKYSERVANT","DO-28",1990-01-01,,
"166",1,"CESSNA C-336","CESSNA","CESSNA C-336","CE-336",1990-01-01,,
"167",1,"FAIRCHILD C-82A","FAIRCHILD","FAIRCHILD C-82A","C-82A",1990-01-01,,
"170",1,"GRUMMAN G-21A","GRUMMAN","GRUMMAN G-21A (GOOSE)","GOOSE",1990-01-01,,
"171",1,"GRUMMAN SA-16A-GR","GRUMMAN","GRUMMAN SA-16A-GR (ALBATROSS)","ALBATRSS",1990-01-01,,
"172",1,"GRUMMAN G-44/44A","GRUMMAN","GRUMMAN G-44/44A (WIDGEON)","WIDGEON",1990-01-01,,
"173",1,"GRUMMAN G-73","GRUMMAN","GRUMMAN G-73 (MALLARD)","MALLARD",1990-01-01,,
"174",1,"DOVE DH-104","DEHAVILLAND OF CANADA","DEHAVILLAND DOVE DH-104","DOVE",1990-01-01,,
"175",1,"LOCKHEED L-12A","LOCKHEED","LOCKHEED L-12A/L-10/10A","L-12A",1990-01-01,,
"180",1,"MARTIN 202/202A","MARTIN","MARTIN 202/202A","M-202",1990-01-01,,
"185",1,"MARTIN 404","MARTIN","MARTIN 404","M-404",1990-01-01,,
"190",1,"PIPER PA-23","PIPER","PIPER PA-23-250 (AZTEC/APACHE)","AZTEC",1990-01-01,,
"193",1,"PIPER T-1020","PIPER","PIPER T-1020","PA-T1020",1990-01-01,,
"195",1,"PIPER PA-34/39","PIPER","PIPER PA-34/39 (TWIN COMMANCHE)","TWNCOMAN",1990-01-01,,
"200",2,"BOEING 377","BOEING","BOEING 377 STRATOCRUISER","B-377",1990-01-01,,
"201",2,"BN2A TRISLANDER","PILATUS BRITTEN-NORMAN","PILATUS BRITTEN-NORMAN BN2A TRISLANDER","TRISLNDR",1990-01-01,,
"205",2,"DH-114 HERON","DEHAVILLAND OF CANADA","DEHAVILLAND DH-114 HERON","HERON",1990-01-01,,
"210",2,"DOUGLAS DC-4","MCDONNELL DOUGLAS","MCDONNELL DOUGLAS DC-4(C54/C54A/C54B/C54E)","DC-4",1990-01-01,,
"216",2,"DOUGLAS DC-6","MCDONNELL DOUGLAS","MCDONNELL DOUGLAS DC-6","DC-6",1990-01-01,,
"218",2,"DOUGLAS DC-6A","MCDONNELL DOUGLAS","MCDONNELL DOUGLAS DC-6A","DC-6A",1990-01-01,,
"220",2,"DOUGLAS DC-6B","MCDONNELL DOUGLAS","MCDONNELL DOUGLAS DC-6B","DC-6B",1990-01-01,,
"225",2,"DOUGLAS DC-7A/B","MCDONNELL DOUGLAS","MCDONNELL DOUGLAS DC-7A/B","DC-7A/B",1990-01-01,,
"228",2,"DOUGLAS DC-7C","MCDONNELL DOUGLAS","MCDONNELL DOUGLAS DC-7C","DC-7C",1990-01-01,,
"240",2,"LOCKHEED L-049","LOCKHEED","LOCKHEED L-049","L-049",1990-01-01,,
"242",2,"LOCKHEED L-649","LOCKHEED","LOCKHEED L-649","L-649",1990-01-01,,
"244",2,"LOCKHEED L-749/A","LOCKHEED","LOCKHEED L-749/749A","L-749/A",1990-01-01,,
"247",2,"LOCKHEED L-1049","LOCKHEED","LOCKHEED L-1049","L-1049",1990-01-01,,
"248",2,"LOCKHEED 1049C/D/E","LOCKHEED","LOCKHEED L-1049C/D/E","L-1049C",1990-01-01,,
"252",2,"LOCKHEED L-1049G/H","LOCKHEED","LOCKHEED L-1049G/H","L-1049G",1990-01-01,,
"258",2,"LOCKHEED L-1649A","LOCKHEED","LOCKHEED L-1649A","L-1649A",1990-01-01,,
"280",2,"SIKORSKY VS-44A","SIKORSKY","SIKORSKY VS-44A (AMPHIBIAN)","VS-44A",1990-01-01,,
"303",3,"SUD ALOUETTE","SUD AVIATION","SUD ALOUETTE","ALOUETTE",1990-01-01,,
"311",3,"BELL B-47D","BELL","BELL B-47D","B-47D",1990-01-01,,
"312",3,"BELL B-47G","BELL","BELL B-47G","B-47G",1990-01-01,,
"313",3,"BELL B-47G2","BELL","BELL B-47G2","B-47G2",1990-01-01,,
"314",3,"BELL B-47J2","BELL","BELL B-47J2","B-47J2",1990-01-01,,
"315",3,"BELL B-206A","BELL","BELL B-206A","B-206A",1990-01-01,,
"320",3,"BOEING BV-107","BOEING VERTOL","BOEING VERTOL BV-107","BV-107",1990-01-01,,
"321",3,"BOEING BV-44","BOEING VERTOL","BOEING VERTOL BV-44","BV-44",1990-01-01,,
"322",3,"BRANTLEY B-2","BRANTLEY","BRANTLEY B-2","BRNTLY 2",1990-01-01,,
"323",3,"FAIRCHILD FH-1100","FAIRCHILD-HILLER","FAIRCHILD-HILLER FH-1100","FH-1100",1990-01-01,,
"330",3,"BOELKOW BO-105C","BOELKOW","BOELKOW BO-105C","BO-105C",1990-01-01,,
"350",3,"HUGHES 300","HUGHES","HUGHES 300","HUGHS300",1990-01-01,,
"380",3,"SIKORSKY S-51","SIKORSKY","SIKORSKY S-51","S-51",1990-01-01,,
"381",3,"SIKORSKY S-55","SIKORSKY","SIKORSKY S-55","S-55",1990-01-01,,
"385",3,"SIKORSKY S-58A/B/C","SIKORSKY","SIKORSKY S-58A/B/C","S-58",1990-01-01,,
"386",3,"SIKORSKY S-61N","SIKORSKY","SIKORSKY S-61N","S-61N",1990-01-01,,
"387",3,"SIKORSKY S-61","SIKORSKY","SIKORSKY S-61","S-61",1990-01-01,,
"388",3,"SIKORSKY S-61L","SIKORSKY","SIKORSKY S-61L","S-61L",1990-01-01,,
"389",3,"SIKORSKY S-62/A","SIKORSKY","SIKORSKY S-62/A","S-62/A",1990-01-01,,
"396",3,"WESTLAND SR-N5","WESTLAND","WESTLAND SR-N5 (ACV)","SR-N5",1990-01-01,,
"401",4,"BEECH 1300","BEECHCRAFT","BEECH 1300","BE-1300",1990-01-01,,
"402",4,"BEECH 18","BEECHCRAFT","BEECH MODEL 18 TURBO-PROP CONVERSIONS","BE-18",1990-01-01,,
"403",4,"BEECH 99","BEECHCRAFT","BEECH 99 AIRLINER","BE-99",1990-01-01,,
"404",4,"BEECH C99","BEECHCRAFT","BEECH C99","BE-C99",1990-01-01,,
"405",4,"BEECH 1900 A/B/C/D","BEECHCRAFT","BEECH 1900 A/B/C/D","BE-1900",1990-01-01,,
"406",4,"BEECH 200 KINGAIR","BEECHCRAFT","BEECH 200 SUPER KINGAIR","KINGAIR",1995-01-01,,
"407",4,"BAE-748","BRITISH AEROSPACE","BRITISH AEROSPACE (HAWKER-SIDDELEY) BAE-748","BAE-748",1990-01-01,,
"408",4,"BAE-ATP","BRITISH AEROSPACE","BRITISH AEROSPACE BAE-ATP","BAE-ATP",1990-01-01,,
"410",4,"ROCKWELL 680-W/690","ROCKWELL","ROCKWELL TURBO-COMMANDER 680-W/690","TCOMMNDR",1990-01-01,,
"412",4,"CASA 212","CONSTRUCCIONES AERONAUTICAS,SA","CASA/NURTANIO C212 AVIOCAR","C212",1990-01-01,,
"413",4,"CASA 235","CONSTRUCCIONES AERONAUTICAS,SA","CASA 235","C 235",1990-01-01,,
"416",4,"CESSNA 208","CESSNA","CESSNA 208 CARAVAN","CARAVAN",1990-01-01,,
"418",4,"CESSNA C-441","CESSNA","CESSNA C-441","CE-C441",1990-01-01,,
"420",4,"CONVAIR CV-540","CONVAIR","CONVAIR CV-540","CV-540",1990-01-01,,
"430",4,"CONVAIR CV-580","CONVAIR","CONVAIR CV-580","CV-580",1990-01-01,,
"435",4,"CONVAIR CV-600","CONVAIR","CONVAIR CV-600","CV-600",1990-01-01,,
"440",4,"CONVAIR CV-640","CONVAIR","CONVAIR CV-640","CV-640",1990-01-01,,
"441",4,"ATR-42","AEROSPATIALE/AERITALIA","AEROSPATIALE/AERITALIA ATR-42","ATR-42",1990-01-01,,
"442",4,"ATR-72","AEROSPATIALE/AERITALIA","AEROSPATIALE/AERITALIA ATR-72","ATR-72",1990-01-01,,
"444",4,"ANTONOV 24/26/32","ANTONOV DESIGN BUREAU","ANTONOV 24/26/32","AN-24/6",1999-01-01,,
"445",4,"CONVAIR CV-660","CONVAIR","CONVAIR CV-660","CV-660",1990-01-01,,
"448",4,"DORNIER 228","DORNIER","DORNIER 228","DO-228",1990-01-01,,
"449",4,"DORNIER 328","FAIRCHILD DORNIER","DORNIER 328","DO-328",1993-06-01,,
"450",4,"F-27","FOKKER/FAIRCHILD","FOKKER FRIENDSHIP F-27/FAIRCHILD F-27/A/B/F/J","F-27",1990-01-01,,
"452",4,"FOKKER 50","FOKKER","FOKKER 50","FOKKER50",1990-01-01,,
"454",4,"FH-227","FAIRCHILD-HILLER","FAIRCHILD-HILLER FH-227","FH-227",1990-01-01,,
"456",4,"SAAB-FAIRCHD 340/B","SAAB-FAIRCHILD","SAAB-FAIRCHILD 340/B","SF-340/B",1990-01-01,,
"457",4,"BEECH KING AIR","BEECHCRAFT","BEECH KING AIR C-90","KINGAIR",2001-01-01,,
"460",4,"GRUMMAN G-21G","GRUMMAN","GRUMMAN G-21G (TURBO-GOOSE)","GOOSE",1993-01-01,,
"461",4,"EMB-120 BRASILIA","EMBRAER","EMBRAER EMB-120 BRASILIA","EMB-120",1990-01-01,,
"462",4,"SWEARINGEN MERLIN","SWEARINGEN","SWEARINGEN METRO MERLIN","MERLIN",1990-01-01,,
"463",4,"MITSUBISHI MU-2/B","MITSUBISHI","MITSUBISHI MU-2/B","MU-2/B",1990-01-01,,
"464",4,"EMBRAER BANDEIRNTE","EMBRAER","EMBRAER EMB-110 BANDEIRANTE","EMB-110",1990-01-01,,
"465",4,"NIHON YS-11","NIHON (NAMCO)","NIHON YS-11","YS-11",1990-01-01,,
"466",4,"SWEARINGEN METRO 2","FAIRCHILD SWEARINGEN","SWEARINGEN METRO II","METRO2",1990-01-01,,
"467",4,"SWEARINGEN METRO 3","FAIRCHILD SWEARINGEN","SWEARINGEN METRO III","METRO3",1990-01-01,,
"468",4,"H-P JETSTREAM","HANDLEY PAGE","HANDLEY PAGE JETSTREAM","JETSTRM",1990-01-01,,
"469",4,"BAE JETSTREAM 31","BRITISH AEROSPACE","BRITISH AEROSPACE JETSTREAM 31","JETSTM31",1990-01-01,,
"340",3,"EUROCOMPTER AS350","AMERICAN EUROCOPTER","EUROCOMPTER AS350 B2 ASTAR","AS350 B2",2010-12-01,,
"889",6,"B787-9 DREAMLINER","BOEING","B787-900 DREAMLINER","B787-9",2012-01-01,,
"887",6,"B787-8 DREAMLINER","BOEING","B787-800 DREAMLINES","B787-8",2012-01-01,,
"431",4,"SOCATA TBM850","SOCATA","SOCATA TBM850","TBM850",2010-09-01,,
"422",4,"QUEST KODIAK 100","KODIAK","QUEST KODIAK 100","KODIAK",2011-07-01,,
